{
  "temperature": 0.7300974130630493,
  "ece_before": 0.054368369484120806,
  "ece_after": 0.03472853496589594,
  "model": "v8"
}