{
  "temperature": 1.4477543830871582,
  "overall": {
    "ece_before": 0.03157927758464363,
    "ece_after": 0.028932247263550124
  },
  "melanoma": {
    "ece_before": 0.038894473970994464,
    "ece_after": 0.033098934752403504
  }
}