{
  "norm_mean": [
    0.758063,
    0.548209,
    0.573638
  ],
  "norm_std": [
    0.141923,
    0.15297,
    0.170666
  ]
}