{
  "temperature": 1.4477543830871582,
  "ece_before": 0.03157927758464363,
  "model": "densenet_v3a"
}